Trdmnt,YYYYMM,Year,Month,MKT,SMB,VMG,SV,SM,SG,BV,BM,BG,MarketReturn,NumStocks
2007-06-01,200706,2007,6,-0.056295787335657405,-0.09041966472229207,0.06537798238534784,-0.11347590893802312,-0.0990173152845952,-0.21090694362172585,-0.05377115666172061,-0.011273930267033811,-0.08709608674871354,-0.05462912066899074,851
2007-07-01,200707,2007,7,0.19494767927580195,0.04628151028117644,-0.018929569691070236,0.25203442319254776,0.24704363548923536,0.23186086342143966,0.17213170715266002,0.18979827780112482,0.2301644063059086,0.19661434594246863,863
2007-08-01,200708,2007,8,0.18466119776048898,-0.06079001416643262,0.0074166330883449205,0.10273221495434133,0.11374850366036018,0.1595720739683405,0.24290865425467123,0.14427865176368646,0.17123552906398218,0.18632786442715565,863
2007-09-01,200709,2007,9,0.124866535589806,-0.07714252096923314,-0.054655195415578325,0.05851691724918862,0.06022690098388515,0.0767717846840466,0.12129600869645721,0.09329562503560679,0.21235153209275587,0.12653320225647266,858
2007-10-01,200710,2007,10,0.019900220383988396,-0.1275980218941028,0.028770713615330415,-0.09677875845782091,-0.08089595931498846,-0.11605607050638936,0.0821547821055733,-0.036982171625944533,0.04389066692348091,0.021566887050655063,868
2007-11-01,200711,2007,11,-0.1471377386420237,0.10604533183467602,-0.03149263100198274,-0.06124263995888308,-0.04193894246488243,-0.045505996894015854,-0.18787812366199835,-0.13831594643691097,-0.1406295047229001,-0.14547107197535702,877
2007-12-01,200712,2007,12,0.1699477056170564,0.04799792287277124,-0.02712554737588868,0.22033996072703094,0.2277331133467841,0.21751179642701837,0.1534155767500402,0.15768068933064933,0.21049483580183015,0.1716143722837231,881
2008-01-01,200801,2008,1,-0.1272303885062491,0.08490468927161468,-0.0015842745096257688,-0.03422370459708301,-0.04771103364772,-0.062098811658011815,-0.15273505087347183,-0.12432117205089552,-0.1216913947932915,-0.12556372183958242,898
2008-02-01,200802,2008,2,0.008667596686626484,0.08515947536297838,-0.05498870044921446,0.08892194337867454,0.09913408077526578,0.11990399224599402,-0.029480387930110208,0.03244701414011015,0.049514964100999224,0.010334263353293151,903
2008-03-01,200803,2008,3,-0.2148531680336844,0.022151839326841893,-0.026456561584251415,-0.20124076330763352,-0.18509492240540812,-0.16930924569064332,-0.2399922913548335,-0.16309747222605636,-0.21901068580332084,-0.21318650136701772,908
2008-04-01,200804,2008,4,0.035836787079833676,-0.08352304634392829,0.038066327902916544,-0.022422933921624567,-0.02492484660572223,-0.07616753167443155,0.04678546970842203,0.055870945466188586,0.02439741165539593,0.03750345374650034,913
2008-05-01,200805,2008,5,-0.03167486492738972,0.022481554682086867,-0.07155336538723725,-0.030175467120590715,-0.0173920302226303,0.007154090067619046,-0.0967080513846599,-0.020219142138807492,0.009069122201604834,-0.030008198260723054,915
2008-06-01,200806,2008,6,-0.21354636777004762,-0.026955909083729412,-0.029733315340497946,-0.2568945494580176,-0.2320486303284257,-0.2539826519217357,-0.26549945554666754,-0.18761392650836967,-0.20894472240195358,-0.21187970110338095,928
2008-07-01,200807,2008,7,0.029604311772118138,0.07497802580793972,-0.037710985866804145,0.10921331951851002,0.10515807092135165,0.09183559784437281,-0.01930220158263298,0.027077620617935796,0.0734974918251125,0.031270978438784805,946
2008-08-01,200808,2008,8,-0.17988260725961422,-0.03413130049013746,-0.03529508616870475,-0.20648585964704352,-0.2237414312079305,-0.21459033913572653,-0.23017663406910466,-0.1607651122081714,-0.15148198224301213,-0.17821594059294754,954
2008-09-01,200809,2008,9,-0.015043597028546633,-0.07444506251522119,-0.010128782139288625,-0.0958155849737316,-0.06432775801065818,-0.08229202950687341,-0.009332960723420165,-0.007168272310478321,-0.002598951911701106,-0.013376930361879966,960
2008-10-01,200810,2008,10,-0.24772809020617356,0.014162362712999949,-0.05371450054839294,-0.2518964012386148,-0.2269104835455128,-0.25447543076275625,-0.34249438720489755,-0.20078865989701594,-0.23248635658397018,-0.24606142353950688,963
2008-11-01,200811,2008,11,0.14246426534096276,0.08735134036143066,-0.04424358481213886,0.20983558346978917,0.25004438688619446,0.22839774962764117,0.11302147379221203,0.13025574784848296,0.18294647725863772,0.14413093200762944,967
2008-12-01,200812,2008,12,-0.0069243587168412515,0.08937420003633668,-0.0010058516238688545,0.09304095499162597,0.11179721000321184,0.05453940319996766,-0.04840823990675301,0.047558192859905375,-0.007894984867356993,-0.0052576920501745845,972
2009-01-01,200901,2009,1,0.10861579652403346,0.07121305994297501,0.00099243339106031,0.18265810293872106,0.19262677785831572,0.1528160861494072,0.09851526897633628,0.08957409915765319,0.12637241898352952,0.11028246319070012,971
2009-02-01,200902,2009,2,0.06755004796973486,0.015287371483209106,-0.07586700811957332,0.060173432029328455,0.10880040146962991,0.11980264236246708,0.03462503397022218,0.08155948756534573,0.1267298398762302,0.06921671463640153,977
2009-03-01,200903,2009,3,0.16685277034935386,0.056718338243505834,-0.05686456737702447,0.22361317604410097,0.24411805675794085,0.23722202727460923,0.12067106585057663,0.19333583012143965,0.2207913493741173,0.16851943701602054,977
2009-04-01,200904,2009,4,0.06514292274846316,0.028768790625463156,0.015832153521768477,0.09777442737128926,0.0809726707539945,0.08713746118244634,0.07239951440520996,0.05580649947561476,0.05137217355051593,0.06680958941512982,979
2009-05-01,200905,2009,5,0.07408147280938497,0.009178952914616484,-0.010612321530019508,0.04472011844401951,0.08606355626185389,0.10108041070729043,0.0905081197382966,0.0584466363959531,0.055372470535064694,0.07574813947605163,973
2009-06-01,200906,2009,6,0.09305687869468152,-0.04955600617193614,-0.02214801368893174,0.046152514055367605,0.047768572376287385,0.06607918795947759,0.09574945855867525,0.09280002231583695,0.12011881203242875,0.09472354536134818,975
2009-07-01,200907,2009,7,0.18920318441093673,-0.053282261159607214,-0.07761967988429547,0.14445405035254244,0.15954556510814688,0.16111828516992766,0.16861706493134862,0.1491554292955356,0.30719218988255437,0.1908698510776034,973
2009-08-01,200908,2009,8,-0.19050992622224594,0.07619683564973885,0.011293516192600772,-0.12031686474437762,-0.1234718895806434,-0.11968610320990783,-0.20172392918515117,-0.1653997121941717,-0.22494172310482247,-0.18884325955557926,972
2009-09-01,200909,2009,9,0.03391191772369532,0.0029524058579063067,0.04026221996359303,0.06184862842486104,0.045780543425436644,0.0029412396575501103,0.032874926003504785,0.05758039308699443,0.011257874843629664,0.03557858439036198,976
2009-10-01,200910,2009,10,0.08899794906117839,0.04871711228884072,-0.005062618298380478,0.13765729396114673,0.14115163921615725,0.13150892151584942,0.0763398397778518,0.09521322922886935,0.09261344881991007,0.09066461572784505,985
2009-11-01,200911,2009,11,0.09650458402915453,0.07865766587342145,-0.0329766076737211,0.1658698350530231,0.18805507060027918,0.1768745052726925,0.059814169629632194,0.12024952891869331,0.11476271475740502,0.0981712506958212,993
2009-12-01,200912,2009,12,0.017871313681287866,0.027569556292550368,0.015027162855845752,0.04012413345544586,0.042453098128504466,0.03471992964140279,0.024233285854722158,0.010772042535906141,-0.00041683604292628,0.019537980347954533,1016
2010-01-01,201001,2010,1,-0.06896986150950428,0.05180432249946672,-0.03142551203683018,-0.013986023403550091,-0.012541588848466411,-0.009173128841898137,-0.1020741221847787,-0.045003593734765805,-0.044035992672770294,-0.06730319484283762,1017
2010-02-01,201002,2010,2,0.02964797422813285,0.03624388041397661,-0.022145136952295266,0.056481417953292964,0.07000502846007994,0.0743664156254841,0.01358134424654475,0.03855325607143828,0.03998662047894415,0.03131464089479952,1038
2010-03-01,201003,2010,3,0.014601200320782187,0.037882562459410025,-0.015099422250640242,0.03984123760292946,0.05674176119229945,0.05566369142268122,0.005177333149503159,0.013867945859145008,0.01955372383103188,0.016267866987448854,1059
2010-04-01,201004,2010,4,-0.06336056916780917,-0.0015499738111304229,-0.013167398073305712,-0.048321155538177216,-0.039571226300297926,-0.07813881628565146,-0.08047655212771045,-0.05658062932940009,-0.024324095233624773,-0.061693902501142504,1072
2010-05-01,201005,2010,5,-0.08108113283830427,-0.0032034678791639515,-0.03385989421852899,-0.08902515156217924,-0.0516034084562174,-0.07831631846912726,-0.1081610356606032,-0.050023358872831616,-0.05115008031659722,-0.07941446617163761,1089
2010-06-01,201006,2010,6,-0.07910292711056606,-0.007311588774895156,0.018630406059367804,-0.08414147662660426,-0.07862393705890132,-0.09845892460780625,-0.07071662289720464,-0.0749129620366834,-0.09365998703473827,-0.0774362604438994,1109
2010-07-01,201007,2010,7,0.12811372206126856,0.04279097352455179,0.015207127415615668,0.1714321570387351,0.1587813661524417,0.15909164829583083,0.13077883430518877,0.1174483283913017,0.11270508821686173,0.12978038872793524,1127
2010-08-01,201008,2010,8,0.053048499720685344,0.041709632520162215,-0.0736751816721005,0.07681420336414782,0.11469993612851953,0.12422180055545452,-0.0008893686206782377,0.09244301357609745,0.09905339753221606,0.05471516638735201,1141
2010-09-01,201009,2010,9,0.0267174114483864,-0.015462674296571898,-0.052894852142055304,-5.623410636684768e-06,0.037180344380357735,0.03838947674850866,0.004210365504183115,0.046136885474613885,0.07160496962914839,0.028384078115053068,1159
2010-10-01,201010,2010,10,0.13489522950792793,-0.04342367324303058,-0.005942441399554174,0.08007709797762225,0.10119967386200036,0.10544800348743262,0.16266906704576137,0.1051436836753262,0.14918304433505936,0.1365618961745946,1173
2010-11-01,201011,2010,11,-0.012365998701224458,0.032466660837886754,-0.03447187254840274,0.007538978404070832,0.05548502839965501,0.01690310075115766,-0.06787429088998083,0.05869608407146625,-0.008294668140262175,-0.010699332034557791,1195
2010-12-01,201012,2010,12,0.0010224079197881204,-0.0246508815415353,0.022172847863079444,-0.01512061251645724,-0.011052844815274233,-0.03806643498923892,0.014284802597735938,0.0025430203615408225,-0.007115070655641268,0.002689074586454787,1209
2011-01-01,201101,2011,1,-0.020674742984714698,-0.02711411000258858,0.01933361280695961,-0.04407717007675535,-0.06325872634110782,-0.04271060031416257,0.010422087128353104,-0.04951454560445422,-0.02961170824815889,-0.01900807631804803,1222
2011-02-01,201102,2011,2,0.0653122012127484,0.03965404896530206,-0.04736644836408388,0.09465787881724397,0.10016536097890077,0.13076958653234702,0.040658573598464795,0.06669234322259125,0.09927976261152953,0.06697886787941507,1245
2011-03-01,201103,2011,3,-0.008258706596241231,0.006847013357846791,-7.754108500505116e-05,-0.010204822094859647,-0.023352062205805137,0.012782522101142208,0.015384957127908367,-0.04925305450288792,-0.0074473048980833855,-0.006592039929574564,1262
2011-04-01,201104,2011,4,-0.02030558648479668,-0.011643344924687386,0.007127115308580751,-0.032390969320652344,-0.042586876878736454,-0.02145361393979838,-0.007890418036469112,-0.020529003294171344,-0.03308200403448458,-0.018638919818130012,1280
2011-05-01,201105,2011,5,-0.0683361116498134,-0.0037735656919690164,-0.003144886424889262,-0.07712924986065099,-0.06708335989415334,-0.06584790452319689,-0.068696296093196,-0.05635565252802657,-0.07368786858087159,-0.06666944498314674,1299
2011-06-01,201106,2011,6,0.03868599593445855,0.0009393141312407927,-0.0023960657522153553,0.04057524622865595,0.03696000418560432,0.04614588723751559,0.039459645131112234,0.04272241450025793,0.03868113562668331,0.040352662601125217,1312
2011-07-01,201107,2011,7,0.0032952918987160205,0.025252247517643787,-0.030583091787376913,0.016287140034972714,0.04886626189860088,0.03384947660123831,-0.028716356685808943,0.03707500234501021,0.01488749032267928,0.0049619585653826875,1332
2011-08-01,201108,2011,8,-0.045743526133138326,0.017856195050662205,-0.007320355832315065,-0.03839680233025365,-0.010194135070712602,-0.0342724406349133,-0.06403172280928791,-0.018884867538580118,-0.05351537283999813,-0.04407685946647166,1351
2011-09-01,201109,2011,9,-0.09495266952940558,-0.022553740928204197,0.02189481281797473,-0.11853095001635279,-0.1236805161450091,-0.1163740096054297,-0.06488553446077408,-0.11520661801375832,-0.11083210050764665,-0.09328600286273891,1368
2011-10-01,201110,2011,10,0.035151385273143376,0.008454059000207848,-0.013786722966838319,0.0389011712732566,0.06406001847695078,0.039506748490479505,0.02669319124870772,0.036751510026194166,0.05366105996516145,0.03681805193981004,1383
2011-11-01,201111,2011,11,-0.04653841951229242,0.00747861258575766,-0.016601757258683174,-0.04071922492734162,-0.020522698883794675,-0.03913776348271493,-0.06746945303210711,-0.01949867205964965,-0.03584739995936745,-0.04487175284562576,1390
2011-12-01,201112,2011,12,-0.08583180788080653,-0.06763500407156336,0.05539583897349831,-0.14727813940591636,-0.14448842102229814,-0.1776550627933341,-0.03525315051596194,-0.11559555541535575,-0.11566790507554078,-0.08416514121413987,1400
2012-01-01,201201,2012,1,0.025125607134161083,-0.03007362010116908,0.015736776297376718,0.002117042722861822,-0.033647443289813506,0.00558541735958619,0.05534524037215094,-0.011472676416682336,0.02040331314067314,0.02679227380082775,1410
2012-02-01,201202,2012,2,0.08802450479981402,0.04191478260916463,-0.03470175509401931,0.1266555714603491,0.13829214337510287,0.14351150401536433,0.057934486164787025,0.11429832106072492,0.11048206379781042,0.08969117146648069,1421
2012-03-01,201203,2012,3,-0.07140138634713987,0.004270610886638798,0.016005117790734297,-0.06490319308683594,-0.058578702327502695,-0.08060476640850728,-0.06852204503220227,-0.06354574215856049,-0.08483070729199954,-0.0697347196804732,1428
2012-04-01,201204,2012,4,0.060923613407624685,0.016823356734371145,-0.008480017279263313,0.06575442055179169,0.08774028487779365,0.07931739749466069,0.0574440506419097,0.06405687382165556,0.06084110825756733,0.06259028007429135,1432
2012-05-01,201205,2012,5,0.014337526898296583,0.009452903138872492,-0.01817969112966039,0.020208052617695,0.04360024984579654,0.02583141817006452,-0.007301936926214261,0.04514886836241582,0.023434079780737006,0.01600419356496325,1452
2012-06-01,201206,2012,6,-0.05325261191170351,-0.010386921741963984,0.014291658828135323,-0.06313171920724678,-0.02902352680353012,-0.08716884234315642,-0.06380305887755101,-0.016011010852578313,-0.06834925339791205,-0.051585945245036846,1464
2012-07-01,201207,2012,7,-0.05716731015121984,-0.03742021966892576,0.025498647508334166,-0.09219523502759264,-0.0756394359573509,-0.1090285109563684,-0.04334769065278016,-0.04374312254108179,-0.07751170974067273,-0.05550064348455318,1479
2012-08-01,201208,2012,8,-0.020395318496245582,0.06427448982867373,-0.035581454504136405,0.016992533728005903,0.06397037790977067,0.04335487092005008,-0.04432405054651056,-0.02465815765140207,0.00047652126971806964,-0.018728651829578915,1493
2012-09-01,201209,2012,9,0.029320692818565704,-0.026727431012364855,0.0016956806661721884,0.0008827490355071662,0.00021257953161770522,0.016492093476302164,0.03914432324812996,0.03848177435740104,0.02014361747499059,0.03098735948523237,1504
2012-10-01,201210,2012,10,-0.006961027690275906,0.011730274182196646,0.0006509095651824159,0.0011768899175387676,-0.00047078665654182845,0.008865390584925664,-0.0029308812035843497,-0.010767246495746905,-0.011921201001336078,-0.005294361023609239,1512
2012-11-01,201211,2012,11,-0.07222735041940191,-0.04045309220273394,0.021776625307017378,-0.10806140107762921,-0.12166852793401145,-0.11040459727682916,-0.039973553925968436,-0.09761808741349638,-0.08118360834080324,-0.07056068375273525,1525
2012-12-01,201212,2012,12,0.1505669026662584,0.02435970997778386,-0.011077127500152134,0.18115209209179214,0.18076545591019533,0.17239051820557694,0.1372716961379482,0.15576971511179688,0.1681875250244677,0.1522335693329251,1527
2013-01-01,201301,2013,1,0.047926020590475724,0.024877052398819634,-0.03543024514065181,0.07049577053062,0.08958205264118083,0.08082453301800571,0.017299463132903474,0.07114054493362278,0.07783119092682139,0.04959268725714239,1521
2013-02-01,201302,2013,2,0.01817154171488203,0.018828817652480203,-0.018438251136453143,0.036150958327758706,0.05778867288301759,0.033044016948715366,-0.006789711696176275,0.04409317494245395,0.03319373195577335,0.0198382083815487,1523
2013-03-01,201303,2013,3,-0.03225271475981948,0.00441705953165154,-0.016151086911619476,-0.04071309024493777,-0.008408900296635146,-0.021007468193603725,-0.053103689086803976,0.010230189071571773,-0.04050713731489907,-0.030586048093152816,1523
2013-04-01,201304,2013,4,-0.02344860811807671,-0.0017412636683323997,0.002532948331131022,-0.019260190434541576,-0.01314077990339666,-0.032900641731870926,-0.027799772658542644,-0.013052830382793989,-0.019225218023475335,-0.021781941451410044,1523
2013-05-01,201305,2013,5,0.10156624604542785,0.0523673143663093,-0.060191744640285025,0.13283348964753305,0.19154651413180362,0.15502191916122315,0.04803261906333103,0.12803968194808996,0.14622767883021098,0.10323291271209452,1524
2013-06-01,201306,2013,6,-0.13329338221548662,-0.02413465981333851,-0.00634990393280549,-0.15978176730853827,-0.13278284093356324,-0.15783633831519217,-0.1387144332342274,-0.11132247952108817,-0.12796005436196256,-0.13162671554881994,1510
2013-07-01,201307,2013,7,0.05387089053876219,0.02080808959897891,-0.041100166139106824,0.059772465861028364,0.1091187537018288,0.07524212816838992,0.021060220089490246,0.07285796878447774,0.08779089006034234,0.055537557205428856,1516
2013-08-01,201308,2013,8,0.06712014124888442,0.03757004852584528,-0.013039843244254404,0.1046394956760779,0.08937346839635046,0.11299588820580636,0.05742770334296098,0.06172000605599657,0.07515099730174132,0.06878680791555108,1521
2013-09-01,201309,2013,9,0.06900418248763292,-0.02345371358933504,-0.07372602637270045,0.0490947378467711,0.08515492381381679,0.06290027716736388,0.008770962494991718,0.11632264118116528,0.14241747591979986,0.07067084915429958,1512
2013-10-01,201310,2013,10,-0.019500615567218677,0.011630819193943561,0.024585393411993412,-0.00954541675670266,-0.014667869577841983,-0.017400672595165846,0.006656794649442146,-0.04850447482490183,-0.03465873633608149,-0.01783394890055201,1516
2013-11-01,201311,2013,11,0.05796026980395019,0.03669841779440556,-0.04613900887245273,0.06613752823282157,0.12575341700358778,0.09806090635311196,0.031226219811895252,0.057049518957899066,0.09158085943651031,0.059626936470616856,1508
2013-12-01,201312,2013,12,-0.03510509746158295,0.010100190075106149,0.008084510269700064,-0.019047079361710795,-0.02805094629618891,-0.029197391057880467,-0.0400811054296554,-0.020415067238557377,-0.046099814272885856,-0.033438430794916284,1513
2014-01-01,201401,2014,1,0.00033008417967436286,0.03730527123410586,-0.07117114575172911,-0.0050578229277705436,0.08925789559540179,0.04396417744279648,-0.04772908209189505,0.018386309459009032,0.04559120904099616,0.0019967508463410296,1511
2014-02-01,201402,2014,2,0.022385647805976544,0.040351387764847466,-0.030865664728159263,0.0341858760931921,0.06835480612851375,0.07459733540434031,0.013516609799507735,0.007730764587317948,0.034836479944678055,0.02405231447264321,1499
2014-03-01,201403,2014,3,-0.027219171804695862,0.015634314908636936,0.03149787387917425,-0.007821384878616083,-0.03738699188592612,-0.017217749005878295,0.0049534007911577315,-0.0656364884475605,-0.04864598283992855,-0.025552505138029195,1526
2014-04-01,201404,2014,4,-0.007927640798392048,-0.015522511010514873,0.008402710143719601,-0.019903615266430467,-0.007387101622940413,-0.03233788274141228,-0.0011634343114560008,-0.00636304516386914,-0.005534587123913392,-0.006260974131725382,1512
2014-05-01,201405,2014,5,0.016803450496232705,0.022200576567795057,-0.04260955431694075,0.008050626039831211,0.05519307639607267,0.0588669408570596,0.0018721929836246513,0.017361733805675888,0.03627498680027777,0.018470117162899372,1495
2014-06-01,201406,2014,6,0.033377073367547805,0.028258119121093883,-0.04272408457684909,0.029451729047136818,0.07749866402827296,0.07963093878015347,0.014742305747548659,0.03705340357650276,0.05001126516823018,0.03504374003421447,1502
2014-07-01,201407,2014,7,0.07750946275169389,0.014282646434978577,-0.0009596574238937144,0.08950638175227829,0.07263385914860393,0.10420301054549772,0.08873008166512891,0.058812462756618354,0.07595276771969693,0.07917612941836055,1500
2014-08-01,201408,2014,8,0.03715783284636403,0.0272346862659385,-0.051739910468664385,0.047316663652743104,0.0756633284187061,0.08341705317515784,0.008398813558171537,0.04051592791753444,0.07577824497308557,0.03882449951303069,1501
2014-09-01,201409,2014,9,0.09394484287209412,0.04899334241473133,-0.05024466947998196,0.13257115337065678,0.14452205011360658,0.15405121372963992,0.052733224783872934,0.09968866180098268,0.13174250338485372,0.09561150953876078,1521
2014-10-01,201410,2014,10,0.01815085021247762,0.009599863660918605,0.00188536476653052,0.03048369132588285,0.02122132421796131,0.029278388206965843,0.02201065130295328,0.01072793657629167,0.019445224888809245,0.019817516879144285,1499
2014-11-01,201411,2014,11,0.06733697778576693,-0.004957622828408129,0.005963836948402676,0.06419640488144404,0.06511157086898145,0.06081537879312428,0.07865068993152569,0.056241490974208386,0.07010404212304011,0.0690036444524336,1509
2014-12-01,201412,2014,12,0.12890463849535394,-0.17598775027451297,0.08167531266307632,-0.01579030978110268,-0.08708663156676716,-0.021004333261267317,0.25261845026204427,0.05698167753630118,0.09448184841605628,0.13057130516202062,1533
2015-01-01,201501,2015,1,0.05873084514354365,0.033097592774013446,-0.01668392718444872,0.08013330870568083,0.12274675094920069,0.07837278931114589,0.016447733219655702,0.11393623044124328,0.051576106983088094,0.060397511810210316,1523
2015-02-01,201502,2015,2,0.06438914277024622,0.012201655813650292,-0.038638121817845934,0.06489251318513982,0.10965202600011481,0.07750863216284959,0.03288603516625058,0.0850160089166701,0.09754615982423268,0.06605580943691289,1512
2015-03-01,201503,2015,3,0.1943597822414073,0.0707619893428996,-0.07859576516847086,0.2226856290436508,0.29150004652345707,0.2797949524045279,0.13507995880084855,0.21145253536517544,0.23516216577691315,0.19602644890807397,1535
2015-04-01,201504,2015,4,0.2286001872139433,-0.04405099286560535,-0.06451910117832829,0.1665037306147964,0.20914541664673175,0.22938153270454809,0.19848477540577442,0.2740537074844387,0.2646451756726793,0.23026685388060997,1553
2015-05-01,201505,2015,5,0.1846623023735097,0.19266806802158445,-0.18616280768202587,0.24222138456194725,0.43928317974337033,0.381633486036532,0.008488733868064292,0.2352428646515008,0.24140224775753122,0.18632896904017637,1549
2015-06-01,201506,2015,6,-0.07837792059422212,-0.010538760119274737,0.007978896342422478,-0.09539066565503052,-0.091975626890339,-0.08451233372408508,-0.030165655214105934,-0.15309491086762808,-0.05700177982989634,-0.07671125392755546,1547
2015-07-01,201507,2015,7,-0.13736853700573154,-0.03562134962400307,0.03262325435890845,-0.1675888431277097,-0.15802947808556672,-0.18259158117243834,-0.11743271926985568,-0.11623664430090594,-0.16767648994294393,-0.13570187033906486,1534
2015-08-01,201508,2015,8,-0.13876256838162648,-0.005463659180128727,-0.009938212791157724,-0.14198662858025887,-0.15017250314682118,-0.1303568694341084,-0.13455172439684807,-0.1452682412632712,-0.1263050579606831,-0.1370959017149598,1530
2015-09-01,201509,2015,9,-0.04443900942628849,0.03899973802440647,-0.0008122632401317068,-0.03738383595299745,0.028906125702744846,-0.028739699782204108,-0.0611613069198432,-0.024874400575459768,-0.06818091661037312,-0.04277234275962183,1536
2015-10-01,201510,2015,10,0.1704247233469479,0.08444176705491446,-0.08782528579857843,0.2000813795317181,0.2695201437288025,0.2732557541565327,0.10666303647382279,0.17372970633232215,0.209139233446165,0.17209139001361456,1560
2015-11-01,201511,2015,11,0.055263987223753974,0.13214321307343121,-0.05280374309139165,0.09773990442971173,0.22666998190851007,0.15706540273711034,-0.003635401297266404,0.04603446457418659,0.042646586578118297,0.05693065389042064,1607
2015-12-01,201512,2015,12,0.04329114458745627,0.03724268606620332,-0.0003281220327837897,0.05756280450200418,0.07631921168690767,0.08221957977433846,0.04590044435412334,0.03657318026316034,0.021899913147356648,0.04495781125412293,1646
2016-01-01,201601,2016,1,-0.25417042089295266,-0.04074519335126839,0.0029068742451290874,-0.2887521047646143,-0.3008496228448321,-0.2714089151130872,-0.21649646187068522,-0.28262520078557263,-0.23965340001247049,-0.252503754226286,1648
2016-02-01,201602,2016,2,-0.017012200141882212,-0.0020083284626109758,-0.004703955769905359,-0.024568528913654634,-0.01606716632501705,-0.011112209191809008,-0.012113424905846323,-0.01744766104892021,-0.01616183308788123,-0.015345533475215545,1659
2016-03-01,201603,2016,3,0.15391790186478047,0.06782665549199013,-0.004689260923329858,0.1990301522964243,0.2284371675881961,0.2010009794084503,0.12249947651930548,0.17258168504385557,0.1299071712539392,0.15558456853144714,1667
2016-04-01,201604,2016,4,-0.023215180700666447,0.01915475068181506,0.01131035856112233,-0.0043720611061853175,-0.0010100064829589215,-0.016571872913770904,-0.02180756156846622,-0.0253821640967688,-0.0322284668831253,-0.02154851403399978,1654
2016-05-01,201605,2016,5,-0.0006213655476762091,0.0024256695552739237,0.001670291086918946,0.0006792359897148225,0.006657729492053401,0.0008160586252209156,0.0011741569642050682,0.002005106322101216,-0.0023032478451389168,0.0010453011189904577,1656
2016-06-01,201606,2016,6,0.03905939466595432,0.05819612248953357,-0.022407207530953856,0.0530840791486622,0.12047807523052245,0.08541077413917827,0.011151188657796405,0.049594463662777775,0.02363890872918804,0.04072606133262098,1664
2016-07-01,201607,2016,7,0.014501454190104145,-0.022008713786517958,0.039182029641502025,0.015150954316718621,-0.023570930406299484,-0.007917982073036147,0.05752336422696801,-0.01006342236374988,0.002228241333718729,0.01616812085677081,1691
2016-08-01,201608,2016,8,0.037417277659938596,0.012337033827164591,-0.006119205562464841,0.0430556916554975,0.052586555356253575,0.05089092277829633,0.03476052992725573,0.035597828451911305,0.03916370992938658,0.03908394432660526,1705
2016-09-01,201609,2016,9,-0.021619451370075066,0.011674080766736416,0.00835343323781574,-0.006846631479564508,-0.020768937420290512,-0.006546588566727775,-0.018705023059861884,-0.014767444258600059,-0.0357119324483301,-0.0199527847034084,1724
2016-10-01,201610,2016,10,0.033760277424007334,0.015710077359051493,-0.010990398230962664,0.03309786489111434,0.05665033144162279,0.05204964855566631,0.03359727292321315,0.024444054167449304,0.03662628572058651,0.035426944090674,1737
2016-11-01,201611,2016,11,0.04087074498327143,-0.014095780372349917,0.009315119745192328,0.016519238352021782,0.03892760505876981,0.029067644226803895,0.06956299758775039,0.018854478944311248,0.038384352222583615,0.042537411649938094,1762
2016-12-01,201612,2016,12,-0.0507977711171717,1.5744054260857787e-06,-0.01780682507267276,-0.04136907596452908,-0.07471183088370972,-0.027287276263086364,-0.05278563932731876,-0.05933347811686869,-0.031253788883415956,-0.04913110445050504,1778
2017-01-01,201701,2017,1,0.002252672666095917,-0.029906406023721722,0.027543825006149544,-0.015322666159365448,-0.029129381997157703,-0.02466298204448625,0.03296052985027682,0.0004304622967804244,-0.012786804276901471,0.003919339332762584,1792
2017-02-01,201702,2017,2,0.03908237372403836,0.007026698295362177,-0.005333286517312907,0.05147152971954958,0.04307525609426033,0.04775735793007304,0.03131715617346696,0.04420899168676011,0.04569790099756933,0.040749040390705024,1810
2017-03-01,201703,2017,3,-0.0005469173573518554,-0.012538769566786883,0.01852569331764123,-0.005290153633900922,-0.021149020147837774,-0.007603374569241619,0.02082524691863694,-0.003338567787951787,-0.01391291878130482,0.0011197493093148114,1849
2017-04-01,201704,2017,4,-0.017359475676663717,-0.048105918028510386,0.052439519853799736,-0.03459108597602642,-0.061323404097518686,-0.08257807274999959,0.016667820793098337,-0.01061839739058392,-0.04022423214052796,-0.01569280900999705,1868
2017-05-01,201705,2017,5,-0.031949951652620885,-0.04828407305534421,0.03494001451673351,-0.08628597697106574,-0.06418234322763425,-0.08121229706040028,0.0032559339728039614,-0.01838655709454312,-0.0716977749713285,-0.03028328498595422,1885
2017-06-01,201706,2017,6,0.05142098801926614,-0.016547322091868287,0.016970233198700023,0.049385842425856225,0.03311876479737849,0.03143128536212583,0.06096508532980975,0.05763359753501556,0.04497917599614009,0.0530876546859328,1910
2017-07-01,201707,2017,7,0.021484892309555016,-0.023314916077231004,-0.020791798746744306,0.01622105638526937,0.002515134693843066,0.012478025170891777,0.026680183868751248,0.0024719680363285276,0.07200681257661745,0.023151558976221683,1936
2017-08-01,201708,2017,8,0.026668605843374826,0.007930310501466455,-0.029466504048072294,0.02453518377633678,0.05230241931557581,0.036961862477508704,0.007375865790444714,0.028750473089159866,0.05388219518541737,0.028335272510041493,1957
2017-09-01,201709,2017,9,0.01972350945921807,0.0028814688794312343,-0.020917131866351003,0.0060160859130544714,0.02562873711513959,0.03902825889858329,0.009475560238568135,0.03425546406417418,0.018297650985741327,0.021390176125884737,2005
2017-10-01,201710,2017,10,0.025198492121518326,-0.04553441849999633,0.029171806791113208,-0.007336666855474542,-0.012975679504093174,-0.029657668355618273,0.03160772302715208,0.05944040681258154,-0.004414889054930607,0.026865158788184993,2026
2017-11-01,201711,2017,11,-0.031453737734089014,-0.04444040407084683,0.01885575710626048,-0.07100213632707601,-0.0692656317718196,-0.06331226738101556,0.007287912472856647,-0.039433265054502564,-0.038113470685724765,-0.029787071067422347,2062
2017-12-01,201712,2017,12,0.007449065158580065,-0.029297661327120028,0.002975792916083875,-0.017903747094814487,-0.017814159206660456,-0.018111057418777228,0.003276243720206071,0.03325580832890078,-0.0024680317879989377,0.009115731825246732,2072
2018-01-01,201801,2018,1,0.023785989568187723,-0.05565318233297351,0.07563273313854477,-0.011212607758271185,-0.03059238641992247,-0.0481296551427629,0.08566766714183596,0.02003798228688989,-0.02868075175076186,0.02545265623485439,2096
2018-02-01,201802,2018,2,-0.036244801045582656,-0.013701270210382581,-0.014453464235844017,-0.04084938044431417,-0.03672532407564942,-0.055893457291426044,-0.05746355674204186,-0.021388243014958112,-0.013512551423241956,-0.03457813437891599,2098
2018-03-01,201803,2018,3,0.008467151645795031,0.04886056050434343,-0.08124122033374966,0.0264907318966307,0.08244876063823384,0.06835149070474708,-0.04218334547271435,-0.005545689187372908,0.07843833638666858,0.010133818312461698,2095
2018-04-01,201804,2018,4,-0.030994022184506555,-0.010001268955074083,-0.006034621746466684,-0.046605154126951515,-0.02033898133680418,-0.04350312278917634,-0.028478175982928622,-0.032454311577010744,-0.01951096382777042,-0.02932735551783989,2100
2018-05-01,201805,2018,5,0.021802263818611577,-0.026210431293820155,0.003587671493922642,0.00627687676358925,-0.0022120295181817153,-0.007317628704071563,0.00721446295181436,0.054530424039352196,0.013633625431629888,0.023468930485278244,2133
2018-06-01,201806,2018,6,-0.07598168469711238,-0.03390833673970886,0.018597653047382687,-0.10501411395793597,-0.09933786445715825,-0.11148321352630391,-0.05636966509861699,-0.07064464499864018,-0.08709587162501442,-0.07431501803044571,2145
2018-07-01,201807,2018,7,-0.001225333321320543,0.006948362478785277,0.022040528119084753,0.010342801860547904,-0.002057190590564424,0.004000710169349936,0.01642921966183224,-0.0036782407737153584,-0.021309744885139294,0.00044133334534612374,2160
2018-08-01,201808,2018,8,-0.06610331838005318,-0.016290595860654282,-0.00954205193532158,-0.08124805235887148,-0.06761014583253637,-0.07990142494639249,-0.062057894453054374,-0.07350952310789291,-0.044320417994890206,-0.06443665171338651,2190
2018-09-01,201809,2018,9,0.019468854230474085,-0.03267694781782713,-0.00038481275735997075,-0.010822346060316143,-0.011497970600048707,-0.003412119422432305,0.020768363942238584,0.03740228060937095,0.014127762819074689,0.021135520897140752,2208
2018-10-01,201810,2018,10,-0.10342554011944216,0.0023933944667232643,0.010588141574368395,-0.09962541709724478,-0.09014007835436154,-0.1074037806866392,-0.0885755082047312,-0.11380052356961054,-0.10197342776407356,-0.1017588734527755,2223
2018-11-01,201811,2018,11,0.02302847791105214,0.048312142939107794,-0.03645432638544421,0.05524900354905986,0.06737570758572031,0.08325614647703225,-0.0034158617077174793,0.02287464236700793,0.04148564813519856,0.024695144577718806,2241
2018-12-01,201812,2018,12,-0.03461222101814183,-0.0066839092027077066,0.009690274346521012,-0.048705807889635834,-0.030958579897853233,-0.04471814942686313,-0.027475083184514894,-0.02601243608138456,-0.050843290340329625,-0.03294555435147516,2250
2019-01-01,201901,2019,1,0.02536338432012163,-0.04726340193241352,0.06033418395627296,0.005709892162186239,-0.002063471213202825,-0.056619917609738,0.060123995140808774,0.02690727699549012,0.0017854370001870795,0.027030050986788297,2254
2019-02-01,201902,2019,2,0.1790244360536295,0.05274888989368878,-0.13078294981729488,0.18845225343091038,0.23735271711297978,0.28994970461859504,0.11086905231632252,0.1757014524018687,0.27093750076322765,0.18069110272029618,2258
2019-03-01,201903,2019,3,0.08907682007468708,0.038829316726302826,-0.048210805142604785,0.10580239989897744,0.1331223906006504,0.14091235862713333,0.04994204433220513,0.10215345872638873,0.11125369588925879,0.09074348674135374,2268
2019-04-01,201904,2019,4,-0.01178706226448761,-0.011832863030725328,0.008599182653860653,-0.018740820251940567,-0.03642995895112212,-0.014097704880468616,-0.008191314372614649,0.004454214433067238,-0.030032795051807906,-0.010120395597820943,2271
2019-05-01,201905,2019,5,-0.05320752488091549,0.015117095219298535,-0.03515082835915891,-0.06122975149385819,-0.020685763142677647,-0.024862384007039467,-0.06335386409042945,-0.059355745352111106,-0.029419574858930347,-0.05154085821424883,2273
2019-06-01,201906,2019,6,0.02917301278287828,-0.034087666364198306,0.009129773949502876,0.005193693615203983,0.005279398174800802,-0.012018196445647583,0.023795785099141563,0.05417398207682317,0.022748127260987377,0.030839679449544948,2280
2019-07-01,201907,2019,7,0.005355517670348197,-0.030199975092699123,0.002265197707706383,-0.015158496500461882,-0.0021710228218799815,-0.03696671564210131,0.00271005159855873,0.013605763390310081,0.019987875324785388,0.007022184337014864,2289
2019-08-01,201908,2019,8,0.016477339596993715,-0.02104905712034377,-0.07023945238886756,-0.02506617568670684,0.011443730033721775,0.021909105748485615,-0.03478345807810336,0.04749712427019594,0.05872016526443928,0.018144006263660382,2293
2019-09-01,201909,2019,9,0.0074429238095869085,0.011501429703073343,-0.004173771042452578,0.01710307226097497,0.028208281060528452,0.013062405172527922,0.0014603368473760535,0.008560586516706995,0.01384854602072826,0.009109590476253576,2319
2019-10-01,201910,2019,10,0.009162526929016155,-0.015784154800409636,-0.009740546385499482,0.0002580422626024966,0.004412880606103092,-0.007594915726385853,0.001684286465318553,0.013725847852924224,0.02901833722530587,0.010829193595682822,2328
2019-11-01,201911,2019,11,-0.00941582217352819,-0.014197726714265432,0.002648631848547127,-0.018943817347606865,-0.013975995428693532,-0.02713821559210018,-0.007805893342028736,-0.004750196088945873,-0.004908758794629675,-0.007749155506861525,2334
2019-12-01,201912,2019,12,0.07659910102633856,0.015322381637653981,-0.010193879140074857,0.08133772136032401,0.10954164301049547,0.08543290685304013,0.06852412272572911,0.07700430807200581,0.08481669551316272,0.07826576769300522,2344
2020-01-01,202001,2020,1,0.02383656391374753,-0.010793682916836227,-0.06712597800283031,0.005612733342083084,0.055787069830505576,-0.0016079155308483615,-0.042972985868755725,0.03664630325116837,0.09849961900983634,0.025503230580414198,2363
2020-02-01,202002,2020,2,0.018163189223288728,0.004072577846003282,-0.0598208761743321,-0.008907212978075296,0.06544696784138211,0.02079725921781514,-0.02658472813320432,0.028351456656746998,0.06335255201956944,0.019829855889955394,2380
2020-03-01,202003,2020,3,-0.049870661747247275,0.024595533902451845,0.03338943852597885,-0.01490412613309835,-0.030532947344591957,-0.05043295618439236,-0.05446456723885476,-0.02947744989106499,-0.08571461423951847,-0.04820399508058061,2391
2020-04-01,202004,2020,4,0.06833537834461313,-0.04055739424746916,-0.013450405220173378,0.036149865579572504,0.06081333528292285,0.004158214984260869,0.036372702624958675,0.09115573230358795,0.09526516366061706,0.0700020450112798,2405
2020-05-01,202005,2020,5,0.02341553311016234,0.01507182494475345,-0.03644613096178244,0.018855316348912944,0.05124836201873197,0.03796802197589391,-0.017964290062827307,0.04500524933834918,0.03581526623375661,0.025082199776829007,2410
2020-06-01,202006,2020,6,0.10842266635027588,-0.028681072658730086,-0.038533489775312325,0.057312399343518464,0.13311629061395325,0.0528218950506871,0.05298762288626663,0.1417610733683598,0.13454510672972264,0.11008933301694254,2429
2020-07-01,202007,2020,7,0.15762607590014968,-0.007110147789080812,-0.022228458682546554,0.14659476569181706,0.1545843734901134,0.15755872700205065,0.14220914073405866,0.16215707202824672,0.17570209678891818,0.15929274256681636,2440
2020-08-01,202008,2020,8,0.026362323247580505,0.03593433300873555,0.015028796662937497,0.054693982112163066,0.05814481466474087,0.0542631021095679,0.02434948052326802,0.040226652137008954,-0.0052772328000118135,0.02802898991424717,2455
2020-09-01,202009,2020,9,-0.05709279679215569,-0.0147526378223556,-0.01742658963202197,-0.07758563157802568,-0.07295461590032881,-0.053221451673760994,-0.057800409685302055,-0.054391965674223844,-0.0473114103255228,-0.055426130125489026,2509
2020-10-01,202010,2020,10,0.02247703226440069,-0.019697108213398873,-0.005232818195879535,0.004209825807320455,0.003932696257042015,0.006921422671560508,0.014281819486976495,0.03783759087464758,0.02203585901449551,0.024143698931067357,2550
2020-11-01,202011,2020,11,0.04297380004508287,-0.01815617233589071,0.014597061884623848,0.037914545024209455,0.02932431105223477,0.0334107464532026,0.07911608377209453,0.021576277191370723,0.0544257585738537,0.04464046671174953,2598
2020-12-01,202012,2020,12,0.07552887833221052,-0.0989278513091005,-0.11641495569610172,-0.04978902003313145,-0.024637704827390878,0.012475005793705052,-0.026476282897621717,0.11721851509036077,0.1440896026677452,0.07719554499887718,2614
2021-01-01,202101,2021,1,0.026560467781009345,-0.10373290409980199,-0.00045051084320805665,-0.053516207597100234,-0.06528440383297898,-0.08208307516578056,0.016601231335604774,0.047644673777240236,0.046069120590701215,0.028227134447676012,2629
2021-02-01,202102,2021,2,-1.463186635144542e-05,0.04206591848467749,0.05779671239499287,0.05987380768125289,0.029219046737937272,0.042466310636637805,0.060394850126890914,-0.017242362906615707,-0.03779107761847974,0.0016520348003152214,2669
2021-03-01,202103,2021,3,-0.020387650225634952,0.062045814131050994,0.030795586757126677,0.048297711210235975,0.03860595953425522,0.027962556241297565,0.004088617563457528,-0.03819243198896434,-0.03716740098185742,-0.018720983558968285,2696
2021-04-01,202104,2021,4,0.04627346204953575,-0.039420750562968024,-0.06730855222886906,-0.005501520852763388,0.029857868164096944,0.012861684363256458,-0.002480949509421177,0.04418828314061818,0.1137729497322971,0.047940128716202415,2718
2021-05-01,202105,2021,5,0.06190899539968457,0.018111012090148856,-0.08186266503933876,0.0445391316669402,0.08385362830654079,0.105891606025318,0.006033030173885721,0.06551241366028127,0.10840588589418543,0.06357566206635124,2743
2021-06-01,202106,2021,6,0.037634218856902324,0.010314996976454632,-0.08472315600315944,0.01582670122319306,0.052422665212637415,0.08413375212029726,0.0017194465118687292,0.01685997349381173,0.10285870762108339,0.03930088552356899,2783
2021-07-01,202107,2021,7,0.007049603826901063,0.03226290744502584,-0.09120147589612827,0.0007061237145650733,0.052620834597442136,0.0678023587536223,-0.0324332089094014,-0.026099704203844533,0.0828735078437979,0.00871627049356773,2813
2021-08-01,202108,2021,8,0.06627601745822173,0.029079260330480777,0.014530173945505542,0.09145869812048563,0.0899615067104636,0.10026523802910017,0.08664270777147984,0.059029134125272976,0.048775819971854206,0.0679426841248884,2845
2021-09-01,202109,2021,9,0.016041171670594996,-0.018828579998681736,-0.014938056439431597,-0.004944753788244192,-0.01944772835539355,0.028454973321095183,0.022112459839726258,0.019846925724526315,0.018588845609250074,0.017707838337261663,2879
2021-10-01,202110,2021,10,0.011173825660423102,-0.01678569085483257,-0.07185010033602857,-0.03275126523189442,0.01615225576852897,0.0017781190100368254,-0.05220868178845879,0.0307827292579608,0.05696213464166708,0.012840492327089769,2910
2021-11-01,202111,2021,11,0.04671659508554414,0.12319180844893628,-0.07619860633832408,0.09798425105152292,0.1967276965207661,0.16791086265474842,-0.017371364100542012,0.04531951200788999,0.06509923697288064,0.048383261752210804,2937
2021-12-01,202112,2021,12,0.019910935861439084,0.040034124668444825,0.025164730101824857,0.05557040170351359,0.03171950138037723,0.07864986185166835,0.05334230703833971,0.012561697205349753,-0.02006661331346476,0.02157760252810575,2960
2022-01-01,202201,2022,1,-0.09548464580820173,0.005333191506907267,0.035791371523892015,-0.06859151959238938,-0.1019704616267816,-0.09370060241812056,-0.06012529762149702,-0.11353790269296647,-0.10659895784354986,-0.09381797914153507,2993
2022-02-01,202202,2022,2,0.039334567013856306,0.022728884746664485,0.025868353731121937,0.07292562840704928,0.05313105466962103,0.05640424988549839,0.06085968971288484,0.027770228237098557,0.025644360772191836,0.04100123368052297,3024
2022-03-01,202203,2022,3,-0.07190275081018398,0.037751110068058515,0.0010684801560586765,-0.048392565272301014,-0.04222950307903689,-0.01684832963830766,-0.04338698282344186,-0.10026856660082667,-0.07706817876955258,-0.07023608414351731,3045
2022-04-01,202204,2022,4,-0.07245820281261182,-0.08114500760796349,0.04633507994358367,-0.11920196643596773,-0.15100295174615425,-0.16572378622450262,-0.046492750533337956,-0.053359840417425794,-0.0926410906319704,-0.07079153614594516,3057
2022-05-01,202205,2022,5,0.07828042441863102,0.05046905238136501,-0.03676535106175077,0.10710287817676328,0.15605807729746288,0.11827404886756081,0.04710200936840107,0.07346429702818578,0.10946154080110508,0.07994709108529768,3064
2022-06-01,202206,2022,6,0.10710305890676178,-0.009411938471107703,-0.06737247198557003,0.06972744099885972,0.11929107877080297,0.11096115488637667,0.04890688129279196,0.1368904974001554,0.14241811137641505,0.10876972557342844,3102
2022-07-01,202207,2022,7,-0.01072875387309671,0.07093399330228219,-0.04531582126943025,0.04021081345890394,0.09048365891325985,0.044821629457487466,-0.044747843188463414,-0.033811018240545415,0.04127298335181355,-0.009062087206430043,3096
2022-08-01,202208,2022,8,-0.02353330334066367,-0.008539281633389836,0.010502888394029603,-0.02735613357557508,-0.03123041034976222,-0.02674010556007868,-0.0021823978620362627,-0.03372220405761834,-0.023804202665591863,-0.021866636673997002,3114
2022-09-01,202209,2022,9,-0.06545468735363279,-0.025084827382866194,0.0008888323869685744,-0.08797729053135264,-0.07942473350932414,-0.08622294162207012,-0.052235414656942036,-0.07036764051704454,-0.05576742834016171,-0.06378802068696612,3136
2022-10-01,202210,2022,10,-0.007710422763794843,0.07015261774852681,-0.07984823180382238,0.03308159310821654,0.08910883978598996,0.06537861879655493,-0.06476389193676468,-0.020760455600595945,0.06263554598254166,-0.006043756097128176,3170
2022-11-01,202211,2022,11,0.08006837953631916,0.00922726694326756,-0.0020465525991085753,0.08276181280165532,0.07267005916049309,0.11411730471786213,0.1016204312274078,0.06588890011338197,0.07435804450941812,0.08173504620298583,3205
2022-12-01,202212,2022,12,-0.016203543684925832,-0.01633736128605976,-0.03235490824848296,-0.04731517956759684,-0.030496812245276277,-0.015746601115341128,-0.04660015969147409,0.015512572268203012,-0.013458921646763896,-0.014536877018259165,3227
2023-01-01,202301,2023,1,0.07492534267471065,0.011809547462889383,0.00434522134623945,0.08202983626367241,0.10121590562314978,0.07286729763589361,0.06866442043138507,0.08288346033597764,0.06913651636668497,0.07659200934137732,3249
2023-02-01,202302,2023,2,0.012585539589198733,0.048766134181898124,-0.001749868738874262,0.053118064637143705,0.07304426228598665,0.048062094234137,0.011421837819829667,-0.003473364908841612,0.019977545700584902,0.0142522062558654,3290
2023-03-01,202303,2023,3,0.012821017540841879,-0.024291379720516183,-0.04895493597349472,-0.019118177504576363,0.003165272768158675,0.018476000842120328,0.011434162618103828,-0.007786783569249222,0.07174985621839658,0.014487684207508546,3297
2023-04-01,202304,2023,4,0.0017560270183827338,-0.023711513400748296,0.028494791119163494,-0.0003715785491581636,-0.012448351045833682,-0.038444014964531315,0.02931599830518592,-0.019844255144696277,0.010398852482232084,0.0034226936850494005,3313
2023-05-01,202305,2023,5,-0.027904115267235206,0.04436796354942589,-0.030075925802691757,-0.0009164846628378735,0.03633572601482961,0.011810459224678172,-0.049781008619875874,-0.03373708054972348,-0.002356100902008415,-0.02623744860056854,3324
2023-06-01,202306,2023,6,0.02295345915072369,0.01808547787179694,0.011744071516983407,0.03007034476285778,0.05612527701217445,0.024829732390556573,0.020188960054062937,0.03463853110373771,0.001941429392397328,0.024620125817390356,3359
2023-07-01,202307,2023,7,0.020229124535619133,-0.015105209024106923,0.00889097823292639,0.012706263971483663,-0.010727643670439106,0.01777804704200929,0.029050675359233315,0.0298246832332864,0.006196935822854901,0.0218957912022858,3378
2023-08-01,202308,2023,8,-0.051055630874686814,0.013339860411081213,-0.0012527601659212684,-0.05005010766839925,-0.025247264741066873,-0.04344191411901483,-0.05674307682865093,-0.04117004088688085,-0.06084575004619281,-0.04938896420802015,3395
2023-09-01,202309,2023,9,-0.009826086320855111,0.018910914557905337,-0.0035541951981413744,-0.0008480058991039276,0.00456987359262797,0.017755600285948157,-0.005013199347490756,-0.013733661210492971,-0.016508415136260092,-0.008159419654188444,3420
2023-10-01,202310,2023,10,-0.019753339036572122,0.018762246466543543,-0.046832921543309286,-0.017146067434967154,0.011003120944166467,0.015487890125567574,-0.04599487236610868,-0.01598393655873025,0.01503701315997517,-0.018086672369905455,3444
2023-11-01,202311,2023,11,0.010124352738959107,0.03911211911166872,-0.02800265348905697,0.03377968486404759,0.06299578805407327,0.0481170841386684,-0.01432766761827835,0.014543627254846689,0.027340240085214775,0.011791019405625774,3458
2023-12-01,202312,2023,12,-0.0167112255246606,-0.002231587134481832,0.014358039550006025,-0.015634307034214492,-0.008976851631429868,-0.03085848360141026,-0.01010088197078515,-0.015081214389222546,-0.02359278450360143,-0.015044558857993932,3466
2024-01-01,202401,2024,1,-0.10299823173855206,-0.08089965340864258,0.11793909450663227,-0.14769823806329208,-0.20500092573203677,-0.2150926847786851,-0.013282717186302008,-0.13004371167761064,-0.18176645948417353,-0.1013315650718854,3478
2024-02-01,202402,2024,2,0.1102789035298672,-0.05695103510106202,-0.02780542365649269,0.06110020158964796,0.08854741300790045,0.054079455183063105,0.09168931280510544,0.12856995575401645,0.15432090652467567,0.11194557019653387,3493
2024-03-01,202403,2024,3,0.02749447820098558,0.038697776826382424,0.01699703112388741,0.05560975439382049,0.06478215024373753,0.05645207386355596,0.037434151946820204,0.020718725845836602,0.0025977702293099097,0.02916114486765225,3502
2024-04-01,202404,2024,4,0.018281797401167848,-0.03318462688586536,0.05643459221688149,0.02552451050823377,-0.014892976336050676,-0.05270113106962035,0.029229315899252758,0.0336691948175622,-0.005414226956656112,0.019948464067834515,3507
2024-05-01,202405,2024,5,-0.006559103008348885,0.0006002607118766028,0.023245497718297124,-0.0021204858955031513,0.009579808385116809,-0.02659745239042039,0.008731110425771496,-0.016387103946302523,-0.013282918515905512,-0.004892436341682218,3505
2024-06-01,202406,2024,6,-0.03979187104108266,-0.05344761528711279,0.023827230050221908,-0.09235891035029103,-0.07576809344228666,-0.10444134892808343,-0.03002279852653926,-0.016607888283592838,-0.06559482004919068,-0.038125204374415994,3513
2024-07-01,202407,2024,7,-0.005326246560850358,0.013952515282877978,-0.05461663474876124,-0.017102384927159688,0.02261400658742848,0.03399852833679881,-0.03160814144260164,0.002736530800072976,0.026524214790962335,-0.003659579894183691,3512
2024-08-01,202408,2024,8,-0.037754309536055915,0.006047873772448212,0.008410945280356005,-0.03932174422726025,-0.03337772537237686,-0.028312473818031238,-0.02679247622552217,-0.03773945131402758,-0.0546236371954632,-0.03608764286938925,3512
2024-09-01,202409,2024,9,0.21360032492722753,0.02286134842481058,-0.0895486863459255,0.20152224423456505,0.24771656747995646,0.2840948444975048,0.17048514611164897,0.2272545462853853,0.2670099185405602,0.2152669915938942,3515
2024-10-01,202410,2024,10,0.029440669497469363,0.0699410043844434,-0.21295150224820852,0.021075823329418306,0.14878381333968504,0.18352767874021478,-0.0628158272955485,0.005744807761464309,0.2006353217900721,0.03110733616413603,3521
2024-11-01,202411,2024,11,0.020426525729690045,0.05426363798978269,-0.03193609565131634,0.05221777180878952,0.1038069780746073,0.06573361460031868,-0.0068956623756903646,0.022402426754644662,0.04346068613541315,0.022093192396356712,3529
2024-12-01,202412,2024,12,-0.0047300903943925604,-0.025301233352363107,0.05192272790244323,-0.023027973512480465,-0.0023344046324712477,-0.07069217467348221,0.019550005035184684,-0.0030696081878292415,-0.03663124960870004,-0.0030634237277258934,3536
2025-01-01,202501,2025,1,-0.022256509183290887,0.01528237307243578,0.03188214133949651,0.001675116568239198,0.01160235629523598,-0.04505332948964319,-0.029567517082907536,-0.0014521050565496625,-0.04660335370401816,-0.02058984251662422,3542
2025-02-01,202502,2025,2,0.05933652559930461,0.041696120223176716,-0.12355951012658291,0.05430966121158305,0.11772815827838347,0.16081820869754151,0.0018411361353285575,0.06347492248011335,0.14245160890253594,0.06100319226597127,3551
2025-03-01,202503,2025,3,0.0011583101539348946,0.015244449087606018,0.056302820030207076,0.027539153327630975,0.01904008795858135,-0.023022837089505005,0.024429652735267197,-0.008992598893366954,-0.037613996908010976,0.0028249768206015614,3558
2025-04-01,202504,2025,4,-0.02607402578208525,0.007739391854096236,-0.010423293497399934,-0.02284937070558616,-0.0026873370702361365,-0.021354498868145354,-0.03372709321438183,-0.02200691093485176,-0.01437537805702277,-0.024407359115418584,3558
2025-05-01,202505,2025,5,0.024112901807583367,0.0504677636709745,-0.01663709576709215,0.04187532350166921,0.07723727374221614,0.08383185500859525,0.022853414922151337,0.014516671367996158,0.014171074949409595,0.025779568474250034,3561
2025-06-01,202506,2025,6,0.04215691200470432,0.028148619227437006,-0.04011043748131152,0.048467169861865805,0.08603309524208191,0.08381316700124614,0.009996170328822683,0.06900035594199477,0.05487104815206538,0.04382357867137098,3574
2025-07-01,202507,2025,7,0.06352222206863532,-0.00949436513916107,-0.03965317910734471,0.047054978537334716,0.061231041308260216,0.077490197702281,0.03187801165565869,0.10163215060429862,0.08074915070540184,0.06518888873530199,3576
2025-08-01,202508,2025,8,0.1385514852477358,-0.05846505602753742,-0.07257249713695707,0.07848130734602557,0.13016334154437703,0.09161198438887638,0.06541373888694153,0.21281000635694486,0.19742805611800487,0.14021815191440248,3577
2025-09-01,202509,2025,9,0.05643731124250079,-0.04905321600559494,-0.020607047629676765,-0.00019349759087337794,0.025153253652061974,0.013494145523933495,0.020744297650867258,0.11659850215562576,0.04827074979541392,0.05810397790916745,3582
2025-10-01,202510,2025,10,0.007365359753234515,0.014401935039937478,0.005018672830998862,0.016542537282178204,0.017485032576277468,0.029063990985619903,0.02796780996324722,-0.01349106483679187,0.005409010597807793,0.009032026419901182,3587
2025-11-01,202511,2025,11,-0.020503459157179948,0.027031435741829982,0.01015588600440362,0.014113643263816365,0.010538368080505546,-0.006961169658508156,-0.02422224464797986,-0.015722017157233748,-0.023459203734462575,-0.01883679249051328,3594
2025-12-01,202512,2025,12,0.047094188859046704,0.002416666457772526,0.010640819031735874,0.05705187835251202,0.03654331888109352,0.05536943064566912,0.05947212199816135,0.04236957486626325,0.039872931641532494,0.04876085552571337,3601
